{
  "version": 1,
  "author": "Uri Shaked",
  "editor": "wokwi",
  "parts": [
    {
      "type": "board-esp32-devkit-c-v4",
      "id": "esp",
      "top": -11.26,
      "left": -53.9,
      "rotate": 90,
      "attrs": {}
    },
    {
      "type": "wokwi-led",
      "id": "led1",
      "top": 159.6,
      "left": -197.8,
      "attrs": { "color": "red" }
    },
    {
      "type": "wokwi-led",
      "id": "led2",
      "top": 159.6,
      "left": -149.4,
      "rotate": 270,
      "attrs": { "color": "blue", "flip": "1" }
    },
    {
      "type": "wokwi-led",
      "id": "led3",
      "top": 59.6,
      "left": -149.8,
      "attrs": { "color": "green", "flip": "1" }
    },
    {
      "type": "wokwi-led",
      "id": "led4",
      "top": 59.6,
      "left": -175,
      "attrs": { "color": "green", "flip": "0" }
    },
    {
      "type": "wokwi-resistor",
      "id": "r1",
      "top": 3.95,
      "left": -153.6,
      "attrs": { "value": "19700" }
    },
    { "type": "wokwi-relay-module", "id": "relay1", "top": 0, "left": 134.4, "attrs": {} },
    { "type": "wokwi-relay-module", "id": "relay2", "top": 75, "left": 134.4, "attrs": {} },
    { "type": "wokwi-relay-module", "id": "relay3", "top": 150, "left": 134.4, "attrs": {} },
    { "type": "wokwi-relay-module", "id": "relay4", "top": 225, "left": 134.4, "attrs": {} },
    { "type": "wokwi-relay-module", "id": "relay5", "top": 300, "left": 134.4, "attrs": {} },
    { "type": "wokwi-relay-module", "id": "relay6", "top": 375, "left": 134.4, "attrs": {} },
    { "type": "wokwi-relay-module", "id": "relay7", "top": 450, "left": 134.4, "attrs": {} },
    { "type": "wokwi-relay-module", "id": "relay8", "top": 525, "left": 134.4, "attrs": {} },
    {
      "type": "wokwi-pushbutton",
      "id": "btn2",
      "top": 102.2,
      "left": -249.6,
      "attrs": { "color": "green", "xray": "1", "bounce": "0" }
    },
    {
      "type": "wokwi-ntc-temperature-sensor",
      "id": "ntc1",
      "top": 108.2,
      "left": -394.2,
      "attrs": {}
    },
    {
      "type": "wokwi-resistor",
      "id": "r2",
      "top": 32.75,
      "left": -211.2,
      "attrs": { "value": "1000" }
    }

  ],
  "connections": [
    [ "esp:TX", "$serialMonitor:RX", "", [] ],
    [ "esp:RX", "$serialMonitor:TX", "", [] ],
    [ "esp:GND.1", "relay1:GND", "black", [ "v0" ] ],
    [ "relay1:GND", "relay2:GND", "black", [ "h0" ] ],
    [ "relay2:GND", "relay3:GND", "black", [ "h0" ] ],
    [ "relay3:GND", "relay4:GND", "black", [ "h0" ] ],
    [ "relay4:GND", "relay5:GND", "black", [ "h0" ] ],
    [ "relay5:GND", "relay6:GND", "black", [ "h0" ] ],
    [ "relay6:GND", "relay7:GND", "black", [ "h0" ] ],
    [ "relay7:GND", "relay8:GND", "black", [ "h0" ] ],
    [ "esp:3V3.1", "relay1:VCC", "red", [ "v0" ] ],
    [ "relay1:VCC", "relay2:VCC", "red", [ "h0" ] ],
    [ "relay2:VCC", "relay3:VCC", "red", [ "h0" ] ],
    [ "relay3:VCC", "relay4:VCC", "red", [ "h0" ] ],
    [ "relay4:VCC", "relay5:VCC", "red", [ "h0" ] ],
    [ "relay5:VCC", "relay6:VCC", "red", [ "h0" ] ],
    [ "relay6:VCC", "relay7:VCC", "red", [ "h0" ] ],
    [ "relay7:VCC", "relay8:VCC", "red", [ "h0" ] ],
    [ "esp:32", "relay1:IN", "blue", [ "v-38.25", "h182.4" ] ],
    [ "esp:33", "relay2:IN", "blue", [ "v0" ] ],
    [ "esp:25", "relay3:IN", "blue", [ "v0" ] ],
    [ "esp:26", "relay4:IN", "blue", [ "v0" ] ],
    [ "esp:27", "relay5:IN", "blue", [ "v0" ] ],
    [ "esp:14", "relay6:IN", "blue", [ "v0" ] ],
    [ "esp:12", "relay7:IN", "blue", [ "v0" ] ],
    [ "esp:13", "relay8:IN", "blue", [ "v0" ] ],

    [ "r1:2", "esp:GND.1", "green", [ "v0" ] ],
    [ "esp:35", "r1:1", "green", [ "v-86.25", "h-192" ] ],
    [ "r1:1", "r2:2", "green", [ "v0" ] ],
    [ "r2:1", "esp:18", "green", [ "v19.2", "h96", "v115.2" ] ],
    [ "esp:16", "btn2:1.r", "green", [ "v0" ] ],
    [ "esp:17", "btn2:2.r", "green", [ "v0" ] ],

    [ "esp:19", "led2:A", "blue", [ "v0" ] ],
    [ "esp:17", "led2:C", "blue", [ "v0" ] ],
    [ "led1:C", "esp:GND.3", "green", [ "v19.2", "h202", "v0" ] ],
    [ "led1:A", "esp:21", "green", [ "v9.6", "h201.6" ] ],
    [ "led3:A", "esp:18", "red", [ "v0" ] ],
    [ "led3:C", "esp:GND.1", "red", [ "v0" ] ]
  ],
  "dependencies": {}
}